url,comment,domain
https://vk.com/wall-123456789_1001,"Курьер не приехал, хотя трек показывал «в пути». Перенесли уже третий раз подряд!",comments_sample
https://vk.com/wall-123456789_1001,Как отследить заказ? Трек-номер не обновляется уже два дня.,comments_sample
https://vk.com/wall-123456789_1001,"Наконец-то доставили. Спасибо, всё в порядке.",comments_sample
https://vk.com/wall-123456789_1002,"Утром цена была 1 200 руб., вечером уже 1 800. Это обман покупателей!",comments_sample
https://vk.com/wall-123456789_1002,"Добавил в корзину за 990, при оформлении стало 1 350. Почему так?",comments_sample
https://vk.com/wall-123456789_1002,"Цены нормальные, купил без проблем.",comments_sample
https://vk.com/wall-123456789_1003,"Бот поддержки не отвечает, застрял в цикле перенаправлений. Как выйти на живого оператора?",comments_sample
https://vk.com/wall-123456789_1003,"Написал в чат-бот — перенаправил на другой раздел, там снова бот. Помогите!",comments_sample
https://vk.com/wall-123456789_1003,"Оператор ответил быстро, вопрос решён.",comments_sample
